,VIF Round 0,VIF Round 1,VIF Round 2,VIF Round 3,F-test (P-Value),Estimated Mutual Information
Capacity,57.74865970327584,,,,0.0,1.74173071902037
Curr Win %,8.905041049672997,8.799948399849272,8.153389887577044,6.217115945790551,5.997378701338271e-187,0.08735457185092077
LS Win %,14.866642748065702,14.522038377501543,10.93150827676457,,2.021300047011141e-220,1.3922392864448412
Last Attendance vs Opp,19.43735770807459,16.25809172836549,9.554804946831041,6.217115945790551,3.041552318051532e-117,0.6996017864141022
Last Game,51.997615667685395,27.784041958694672,,,0.0,1.3449562329867675
