,VIF Round 0,VIF Round 1,VIF Round 2,VIF Round 3,VIF Round 4,F-test (P-Value),Estimated Mutual Information
Capacity,82.11932570921867,,,,,0.0,1.703723246790851
Curr Win %,8.736836751159329,8.695048286993226,8.061498413407453,6.384341563606924,,1.2872074971587964e-130,0.10204397192671077
H Pop,1.9770095779134724,1.9179949759680124,1.8997359586342035,1.877439296068562,1.8420766908810882,1.7079145323675553e-168,0.4949291396970148
LS Win %,14.047832162945506,13.926439394371817,10.263549833462813,,,3.8329410338557967e-156,1.4093203469291273
Last Attendance vs Opp,19.363938232315313,16.639197255410124,9.082374187663552,6.218738594528446,2.1915510820244304,2.27910722729635e-98,0.7211216790947672
Last Game,80.06170513925655,31.029093147282474,,,,0.0,1.3119853298202369
V Pop,1.7498458142857283,1.7472793885688198,1.7408770790474035,1.7400121093549934,1.6622047560168434,3.3967357680429303e-31,0.028908218468028046
