,$R^2$,Mean Absolute Error,Root Mean Square Error
Dataset 1 Subset 1: 1 dimensions,0.31316488314349933,1309.057643581081,1649.4922240582628
