,VIF Round 0,VIF Round 1,VIF Round 2,VIF Round 3,F-test (P-Value),Estimated Mutual Information
Capacity,73.82329119166374,,,,0.0,1.6372639999470513
Curr Win %,8.871067531268508,8.806179124787466,8.107616761768604,6.1476464544346605,9.663075118732219e-151,0.09164606940053766
LS Win %,15.045101663790293,14.738434112695977,10.886581178997435,,5.264351723998839e-152,1.3385701909045862
Last Attendance vs Opp,19.756892337616435,16.57143119349877,9.431371222550274,6.1476464544346605,1.5552219091500192e-104,0.6781782632283582
Last Game,65.86618723820918,29.651275872953693,,,0.0,1.2510518589093387
