,$R^2$,Mean Absolute Error,Root Mean Square Error
Dataset 2 Subset 2: 1 dimensions,-3.710437603247828e+20,8270663208756.341,38246489678553.53
Dataset 2 Subset 2: 2 dimensions,-3.4011641532200455e+21,26397957694146.65,115795801030379.12
