,$R^2$,Mean Absolute Error,Root Mean Square Error
Dataset 3 Single Layer NN,0.5516098960211853,875.3022101324958,1329.5571942168028
